id;sex;edad;tt;not;rs;ni;vp;ju;em;fo;ll;pref;abur;evitar;aban;satisf;acep;asol;sav1;sav2;sav3;sav4;sav5;sav6;sav7;sav8;sav9;sav10;aa1;aa2;aa3;aa4;aa5;aa6;aa7
e1;1;20.8;5;Whatsapp, Email;1;1;2;1;0;0;0;0;1;0;0;1;0;0;1;5;3;3;3;1;1;3;6;4;1;1;2;1;5;2;3
e2;0;19.83;8;Whatsapp, Instagram, Pinterest, Email;5;0.3;2;0;1;0.3;0.3;0;1;0;0;1;0;1;1;6;6;4;5;4;1;4;6;1;3;4;4;2;2;6;6
e3;1;23.3;1.5;Whatsapp, Email;0.25;0.25;0;0.25;0.5;0;0.25;0;0;1;0;1;1;1;2;1;1;3;3;1;1;2;2;1;2;4;5;1;6;5;6
e4;1;18.54;2;Whatsapp, Instagram, Email;1;0.8;0;0.2;1.5;0.4;0.7;0;1;0;0;1;0;1;6;4;1;1;1;1;1;2;3;1;4;6;4;4;4;2;2
e5;1;20.94;6;Whatsapp;2;1;0;1;4;0;0;0;1;1;0;1;0;1;2;4;2;3;2;2;1;2;5;2;4;2;2;4;4;5;6
e7;0;21.45;8;Whatsapp, Instagram, Email;3;2;2;0;1;1;1;0;0;0;0;1;0;1;1;1;1;1;1;1;1;1;1;1;3;2;4;2;2;2;2
e8;0;20.01;3;Whatsapp, Instagram, Email;2;0;1;0;0;0;1;0;0;1;0;1;0;0;2;2;3;1;1;3;2;4;3;2;1;3;4;2;3;2;5
e9;0;21.68;6;Whatsapp, Instagram;4;1;1;0;1;1;2;0;1;0;0;1;1;1;3;4;1;3;1;2;2;4;5;4;2;2;2;2;1;1;2
e10;0;19.65;6.3;Facebook, Whatsapp, Instagram;2.6;0.4;2;0;0.3;0;1;0;1;0;0;1;1;0;5;5;1;5;5;1;1;4;1;1;4;4;5;3;5;5;5
e13;0;20.83;3;Whatsapp, Email;0;1;1;0;4;0;1;0;1;0;0;1;0;0;3;5;4;6;4;2;1;2;4;5;1;2;1;2;2;3;4
e14;0;20.75;18.3;Facebook, Whatsapp, Email, Netflix, aviary, clue, notas o you tube;10;3;3;0;1;0.3;1;0;1;1;0;0;0;1;6;4;3;6;6;2;3;2;1;2;5;6;7;5;5;7;7
e15;1;47.28;3;Whatsapp, Email;0;0;0;3;0;0;0;0;0;0;0;1;0;0;1;1;1;1;2;1;1;1;3;1;2;1;1;2;2;2;1
e16;0;21.04;3.5;Whatsapp, Instagram, Email;1;0.5;0;2;0.05;0.05;0.5;0;1;1;0;0;1;1;2;5;6;1;2;2;1;3;5;2;2;2;5;1;2;3;3
e17;1;52.27;3;Facebook, Whatsapp, Email;0.5;0.5;0;0.5;0;0;1;0;0;0;0;1;0;1;2;2;1;1;1;1;1;1;3;1;4;4;4;5;5;3;4
e18;0;21.11;6;Whatsapp, Instagram;4;1;0;0;1;1;1;0;1;0;0;1;0;1;4;5;5;6;5;3;2;5;6;2;6;7;7;6;6;4;4
e19;0;19.36;12;Whatsapp, Instagram;2;3;5;0;1;0;1;0;1;0;0;1;1;1;2;6;1;6;5;3;1;4;3;1;5;6;6;5;5;6;5
e20;0;20.32;2.5;Whatsapp, Instagram, Email;2;1;0.5;0;15;0;0;0;1;0;0;1;0;0;5;5;1;3;1;1;1;1;6;1;1;1;1;1;1;1;3
e21;1;20.97;4;Whatsapp, Instagram;4;1;0;0;1;0;0;0;0;0;0;1;0;1;2;4;3;1;1;1;1;1;3;1;2;2;6;2;5;3;1
e22;0;21.71;5;Whatsapp, Email;3;1;2;0;1;0;0;0;1;0;0;1;1;0;6;6;4;5;6;4;2;5;5;1;2;1;1;2;1;1;1
e27;0;19.98;4;Facebook, Whatsapp, Instagram, Email;1;1;0;0;2;0;0;0;1;0;0;1;1;1;3;2;1;2;3;2;4;3;3;2;3;2;3;2;3;2;2
e28;0;19.44;5;Whatsapp, Instagram;6;1;0;0;1;0;0.3;0;1;0;0;1;1;0;4;5;1;1;1;1;1;1;5;1;2;4;2;1;3;3;5
e29;0;19.19;6;Twitter, Whatsapp, Instagram;4;1;0;0;3;1;1;0;1;1;0;1;1;1;4;5;3;6;5;6;4;5;6;6;5;5;6;5;5;4;7
e30;0;19.88;5;Twitter, Whatsapp, Instagram;3;0;2;0;2;0.15;0.3;0;1;0;0;1;1;1;2;3;2;1;1;1;2;3;2;2;3;4;3;3;4;6;5
e31;0;21.8;5;Facebook, Twitter, Whatsapp, Instagram, Pinterest, Email;2;1;0;0;2;0;0;0;1;1;0;1;1;1;2;2;1;1;1;1;1;1;2;1;1;1;2;1;2;1;2
e32;0;19.93;5;Whatsapp, Instagram, Email;3;3;2;2;5;1;1;0;1;1;0;1;1;1;3;3;4;1;2;1;1;3;3;1;5;4;5;7;7;6;7
e33;0;24.81;4;Whatsapp, Instagram, Email;3;0.1;0;0.5;0;0;0;0;1;0;0;0;1;1;2;3;1;4;4;1;1;3;5;2;7;7;7;7;7;7;7
e34;0;22.01;4;Whatsapp, Instagram, Email;2;0;1;1;0;0;0;0;1;0;0;1;1;1;3;4;5;5;4;3;3;4;4;4;1;2;2;1;1;2;1
e35;1;24.08;7;Whatsapp;4;1;2;0;2;0;0;0;1;1;0;1;1;1;4;4;2;6;4;3;3;4;6;1;2;3;3;2;4;3;3
e36;0;21.06;12;Facebook, Whatsapp, Instagram, Email;9;1;1;1;0;0;0;0;1;0;0;1;0;0;3;5;2;6;6;5;4;5;6;6;2;4;3;2;3;5;4
e37;0;19.93;3;Facebook, Whatsapp, Instagram, Email, Tiempo, Google;2;1;1;0.2;2;0.3;0.2;0;1;1;0;1;1;0;1;4;4;6;6;2;1;1;5;1;3;2;2;2;1;3;2
e38;0;21.68;5;Facebook, Whatsapp, Instagram, Email;2;1;0;0;1;1;0;0;1;0;0;1;0;0;1;1;3;4;3;3;2;3;3;3;1;1;1;1;1;1;1
e40;1;39.47;6;Facebook, Whatsapp, Email;2;2;1;0;1;0;1;1;1;1;0;1;1;1;5;6;6;4;4;4;3;4;4;4;5;5;7;5;6;6;6
e41;0;19.27;3;Twitter, Whatsapp, Instagram, Email;1.5;0.5;0;0;0.15;0.15;0.15;0;1;0;0;1;0;0;1;2;1;3;2;2;1;4;3;1;1;1;1;1;1;1;1
e42;0;21.84;5;Email;3;2;6;1;1;0;1;0;0;0;0;1;0;0;1;5;1;3;3;1;1;2;5;2;3;3;2;2;2;2;1
e43;0;19.64;6;Facebook, Whatsapp, Instagram, Email, Noticias;2;2;1;0;2;1;1;0;1;1;0;1;1;1;2;6;3;3;3;2;3;4;3;3;2;4;3;4;3;4;6
e44;1;23.42;5;Whatsapp, Instagram, Email;2;0.5;0;2;0;0;1;0;1;0;0;1;0;0;2;3;4;1;1;1;1;1;3;2;1;2;1;1;1;2;2
e45;0;19.29;5;Whatsapp, Instagram, Email;2;0.15;0;0;6;0;0;0;0;1;0;1;0;0;3;6;3;3;1;1;1;2;6;2;2;2;4;3;3;2;3
e46;0;21.43;3;Whatsapp;2;1;3;0;0;0;1;0;1;0;0;1;0;0;1;1;1;2;1;1;2;1;6;1;1;1;2;1;1;1;1
e47;1;29.22;4;Facebook, Whatsapp, Instagram, Email;2;1;2;0;1;1;1;0;1;1;0;1;0;0;3;3;2;1;1;1;1;1;4;1;2;2;2;3;3;2;3
e49;1;21.29;8;Twitter, Whatsapp, Instagram, Email;3;1;2;0;2;0;0;0;1;0;0;1;1;1;2;1;1;1;1;1;1;3;2;2;1;2;1;2;2;1;2
e51;0;19.59;4;Twitter, Whatsapp, Instagram, Pinterest, Email;1;1;0;1;1;1;1;0;1;0;0;1;0;0;2;4;2;2;3;1;1;2;4;3;2;4;5;2;3;4;2
e52;1;24.74;3;Whatsapp, Email;0;0;0;3;0;0;0;1;1;1;0;0;1;1;2;4;3;3;2;1;3;3;4;1;7;5;4;7;6;6;7
e53;0;21.15;9;Twitter, Whatsapp, Instagram, Email;3;4;4;0.3;2;3;0.1;0;1;1;0;1;1;1;5;5;3;5;4;2;1;4;5;3;2;1;1;2;1;2;2
e54;1;39.87;4;Whatsapp, Email;1;1;1;0;1;0;1;0;1;0;0;1;0;0;1;2;1;2;2;2;2;1;4;2;3;2;3;3;3;1;3
e55;0;21.68;4;Twitter;2;1;1;0;2;1;0;0;1;1;0;1;0;0;2;3;2;3;2;1;1;3;3;3;4;2;4;2;3;1;2
e56;1;22.76;3;Whatsapp, Instagram, Email,  Nota: entiendo que, en la siguiente sección de preguntas, son horas semanales, ya que no se especifica;16;14;10;5;16;2;1;0;1;1;1;1;0;1;5;2;6;3;6;2;3;1;1;1;6;5;7;5;7;2;7
e57;0;21.28;7;Whatsapp, Instagram, Email, Diarios;6;1;1;0;0.3;0;0.3;0;1;0;1;0;1;1;3;6;6;1;2;5;1;6;6;3;4;4;4;4;4;3;4
e58;1;19.85;4;Twitter, Whatsapp, Instagram, Email;1;2;1;1;1;2;0;0;1;1;0;1;0;1;4;4;3;3;3;4;4;2;5;2;1;4;4;1;5;3;5
e60;1;27.79;8;Facebook, Twitter, Whatsapp, Instagram, Email;3;1;2;1;0;2;1;1;1;0;0;1;0;1;1;1;2;1;1;2;1;1;1;1;4;1;2;1;3;7;2
e61;1;21.09;1;Twitter, Whatsapp, Instagram, Email;2;10;10;3;2;0;0.5;0;1;0;0;1;1;0;4;3;1;6;4;2;2;5;3;2;1;1;3;1;1;1;1
e62;1;35.8;0.5;sms y llamadas de teléfono;0;0;0;0;0;0;0.5;0;0;0;0;1;0;1;1;1;1;1;1;1;1;1;1;1;1;1;1;1;2;1;2
e63;1;21.93;16;Whatsapp, Instagram;14;3;4;2;6;4;1;0;1;1;0;1;0;0;2;4;1;5;5;4;1;2;5;5;1;2;5;1;4;2;2
e64;1;21.14;2;Whatsapp, Instagram, Email;1;1;3;0;1;0;1;0;0;1;0;1;0;0;1;4;1;5;4;2;3;4;5;1;3;7;4;6;4;2;2
e65;1;22.21;4;Facebook, Whatsapp, Instagram, Email;2;1;0;0;1;0;0;0;1;0;0;1;0;0;2;5;1;3;3;3;3;3;4;3;1;3;3;1;3;3;3
e66;1;22.06;6;Facebook, Whatsapp, Instagram, Email;3;1;1;0;1;0;1;0;1;1;0;1;1;0;3;4;1;3;2;2;1;2;3;3;3;4;2;2;4;1;2
e67;0;20.53;5;Whatsapp, Email, YouTube ;1;1;1;1;2;0;1;0;1;1;0;1;0;0;1;2;4;2;1;1;1;3;2;1;4;3;4;4;4;4;4
e68;0;21.07;5;Whatsapp, Email;2;2;0;0;1;0;0;0;1;1;0;1;0;1;6;5;3;4;3;2;1;3;5;2;2;3;5;1;2;4;4
e69;0;26.56;5;Whatsapp, Email;2;3;0;0;0;0;0;0;1;1;0;0;1;1;1;3;1;4;4;3;1;3;6;2;4;3;6;5;5;5;5
e70;1;21.89;6;Facebook, Whatsapp, Instagram, Email;1;0.5;1;0;3.5;0;0.45;0;1;0;1;0;0;0;1;3;2;4;4;3;2;5;6;1;2;2;2;2;2;2;2
e71;0;20.82;12;Facebook, Whatsapp, Instagram, Email;10;2;1;0;1;1;0.3;0;1;1;0;1;0;0;6;1;4;4;4;5;6;6;1;5;4;1;4;2;2;3;5
e72;0;20.47;2.5;Whatsapp, Instagram, Email;2;0;0;0;0.5;0;0.5;0;1;0;0;1;0;0;1;4;1;5;4;3;1;2;5;1;1;2;1;1;1;1;1
e73;0;20.3;5;Whatsapp, Instagram, Email;4;1;3;2;3;1;1;0;1;0;0;1;0;0;1;4;3;2;2;1;1;1;2;1;1;2;2;1;2;2;2
e74;0;20.73;4;Whatsapp, Instagram;2;0;0;0;3;0;1;0;1;1;0;1;0;0;3;3;3;2;3;2;1;3;4;1;2;2;2;2;2;2;2
e75;0;20.65;5;Whatsapp, Instagram;3;1;1;0;3;0;1;0;1;0;0;1;1;1;2;6;5;5;2;1;1;4;5;2;6;7;7;6;7;6;6
e76;0;19.04;4;Whatsapp, Instagram, Email;1.3;1;1;0;2;0.3;0.1;0;1;1;0;1;1;1;4;5;2;4;3;4;2;5;5;2;6;2;4;3;4;2;3
e77;0;18.77;11;Twitter, Whatsapp, Instagram, Email;4;1;0;4;1;0.3;0.3;0;1;1;0;1;0;1;2;2;1;4;3;3;1;1;1;1;2;5;6;4;5;5;4
e78;0;20.67;8;Whatsapp, Instagram;8;6;5;0;4;1;1;0;1;1;0;1;1;1;3;6;2;3;3;1;1;5;6;1;5;4;5;4;6;4;5
e79;0;23.54;10;Facebook, Whatsapp, Instagram, Pinterest, Email;7;1;2;0;1;1;2;0;1;0;0;1;1;1;3;6;4;5;4;4;3;6;6;5;3;4;6;4;5;5;5
e80;0;21.35;6;Whatsapp, Instagram;5;1;2;0;2;2;0;0;1;0;0;1;0;0;2;5;4;2;2;2;2;3;4;2;1;1;2;1;1;1;2
e81;0;21.9;4;Whatsapp, Instagram;2;1;2;0;3;2;3;0;1;0;0;1;0;0;1;3;2;2;3;2;2;2;3;2;3;4;4;2;3;3;4
e82;0;19.59;4;Twitter, Whatsapp, Instagram, Email;4;1;1;0;4;1;1;0;1;1;0;1;0;1;2;4;1;3;2;1;1;2;5;5;6;4;6;7;5;2;3
e84;0;22.69;5;Facebook, Whatsapp, Pinterest;1;1;2;0;1;0;0;0;1;0;0;1;0;1;4;5;1;5;6;5;2;3;2;1;2;4;4;1;4;2;6
e85;1;19.6;2.3;Whatsapp, Instagram, Email;3.3;1;0;0.3;1;0;0.3;0;1;0;0;0;1;0;3;4;4;3;4;1;1;1;2;1;2;2;3;2;7;5;6
e86;1;22.28;2.5;Whatsapp;1;1;0.3;0;0.3;0;0;0;1;0;0;1;0;1;2;3;3;2;2;3;1;2;4;1;2;2;3;3;4;4;2
e88;0;19.13;5;Whatsapp, Instagram, Email;5;2;1;1;5;1;0;0;1;1;0;1;1;1;5;5;2;5;5;4;3;3;6;2;3;5;6;4;5;4;4
e89;0;25.39;5;Whatsapp, Instagram, Email;3;1;0;1;1;0;0;0;1;0;0;1;0;1;4;3;2;6;6;1;2;3;5;3;2;3;3;2;4;4;2
e90;0;21.88;3;Twitter, Whatsapp, Instagram, Email;3;0.5;2;1;0.5;0;0;0;1;0;0;1;1;1;1;4;4;3;2;1;2;2;3;1;2;3;4;3;3;4;3
e92;0;18.84;7;Whatsapp, Instagram, Pinterest;1;0;3;0;3;0;0;0;1;1;0;1;1;1;2;4;1;5;5;3;2;3;5;2;5;6;6;5;6;5;4
e93;0;19.7;15;Whatsapp;10;2;2;0;5;1;0;0;1;0;0;1;0;0;2;4;1;2;1;1;1;2;4;1;3;1;2;1;1;1;3
e94;0;18.81;5;Whatsapp, Email;2;0;0;1;1;0;1;0;1;0;0;1;1;1;2;2;3;3;3;2;3;2;3;4;1;3;4;2;3;3;2
e95;0;19.47;6;Twitter, Whatsapp, Instagram, Email;4;0;1;0;2;0;0;0;1;1;1;1;1;1;2;3;1;3;2;1;2;3;3;2;2;3;4;5;6;6;7
e96;1;24.53;4;Facebook, Whatsapp, Instagram;1;2;1;0;1;0.15;0.3;0;1;1;0;1;1;1;4;6;4;5;5;4;3;4;5;5;4;4;6;6;6;6;6
e97;0;19.23;2;Whatsapp, Instagram, Email;1;1;0;0;1;0;0;0;1;0;0;1;1;1;1;5;3;4;3;2;1;2;3;3;2;2;3;2;2;3;2
e98;0;19.33;4;Facebook, Whatsapp, Instagram, Email;2;1;1;0;1;0;0;0;1;1;0;1;1;0;5;6;3;5;5;4;4;4;5;2;5;4;5;3;5;4;3
e99;0;19.77;6;Whatsapp, Instagram, Wattpad, Chrome;1;2;1;4;1;0;1;0;1;1;0;1;0;0;2;5;5;3;4;2;4;1;4;3;2;2;2;2;2;4;5
e100;0;20.61;3;Whatsapp, Email;1;1;1;0;0.3;0;0.3;0;0;1;0;1;1;1;1;3;1;2;1;1;1;2;3;2;4;2;2;2;2;3;2
